{"horn": {"precision": 0.4759036144578313, "recall": 0.6171875, "f1-score": 0.5374149659863946, "support": 128}, "siren": {"precision": 0.0, "recall": 0.0, "f1-score": 0.0, "support": 128}, "noise": {"precision": 0.45871559633027525, "recall": 0.78125, "f1-score": 0.5780346820809249, "support": 128}, "accuracy": 0.4661458333333333, "macro avg": {"precision": 0.31153973692936887, "recall": 0.4661458333333333, "f1-score": 0.3718165493557732, "support": 384}, "weighted avg": {"precision": 0.31153973692936887, "recall": 0.4661458333333333, "f1-score": 0.3718165493557732, "support": 384}}