Epoch,Name,Value
0,epoch_time,136.731121,1644933631.380225
0,epoch_avg_time,136.731121,1644933631.380277
0,accuracy,0.496889,1644933631.380301
0,loss,54.345699,1644933631.380321
0,val_acc,0.818182,1644933631.380340
0,val_loss,0.473439,1644933631.380358
