{"horn": {"precision": 0.8879310344827587, "recall": 0.8046875, "f1-score": 0.8442622950819673, "support": 128}, "siren": {"precision": 0.8951612903225806, "recall": 0.8671875, "f1-score": 0.880952380952381, "support": 128}, "noise": {"precision": 0.7291666666666666, "recall": 0.8203125, "f1-score": 0.7720588235294118, "support": 128}, "accuracy": 0.8307291666666666, "macro avg": {"precision": 0.837419663824002, "recall": 0.8307291666666666, "f1-score": 0.8324244998545867, "support": 384}, "weighted avg": {"precision": 0.837419663824002, "recall": 0.8307291666666666, "f1-score": 0.8324244998545867, "support": 384}}