{"horn": {"precision": 0.9217391304347826, "recall": 0.828125, "f1-score": 0.8724279835390947, "support": 128}, "siren": {"precision": 0.8731343283582089, "recall": 0.9140625, "f1-score": 0.8931297709923665, "support": 128}, "noise": {"precision": 0.7777777777777778, "recall": 0.8203125, "f1-score": 0.7984790874524715, "support": 128}, "accuracy": 0.8541666666666666, "macro avg": {"precision": 0.8575504121902564, "recall": 0.8541666666666666, "f1-score": 0.8546789473279776, "support": 384}, "weighted avg": {"precision": 0.8575504121902564, "recall": 0.8541666666666666, "f1-score": 0.8546789473279776, "support": 384}}