{"horn": {"precision": 0.9509803921568627, "recall": 0.7578125, "f1-score": 0.8434782608695651, "support": 128}, "siren": {"precision": 0.896, "recall": 0.875, "f1-score": 0.8853754940711464, "support": 128}, "noise": {"precision": 0.7133757961783439, "recall": 0.875, "f1-score": 0.7859649122807018, "support": 128}, "accuracy": 0.8359375, "macro avg": {"precision": 0.8534520627784022, "recall": 0.8359375, "f1-score": 0.8382728890738044, "support": 384}, "weighted avg": {"precision": 0.8534520627784022, "recall": 0.8359375, "f1-score": 0.8382728890738044, "support": 384}}